Package name,Reviewer name,Review text,raiting
com.github.mofosyne.instantreadme,Matthew Foster,adware nonsense i always pay apps i use pay one this adware prevents saving simple text file insane i watch old lady who trouble diaper i save file i keep scratch note program phone you guy done lost mind im going go google note,1
com.github.mofosyne.instantreadme,Tiberius 111,the editor keep jerking scroll wheel i cant edit code sht would appreicate bug fixed other i like sublime desktop app first time ive tried phone not sure jerking screen around hope stop,2
com.github.mofosyne.instantreadme,Jason Ford,dont recommend mimicking real sublime text editor it work show nonskippable ad screen long period make unusable,1
com.github.mofosyne.instantreadme,Alagiri samy,i paid 250 r disabling advertisement one day advertisement next day advertisement started displaying this ultimate cheating never pay app eat money latter ask money disabling advertisement one day 250 r,1
com.github.mofosyne.instantreadme,Bert Zangle,i like minimalist user interface not sure id write major code project mobile device dev reacted immediately bug report i filed fixed bug next update much appreciated thanks,5
com.github.mofosyne.instantreadme,Matthew Morrone,seems like solid editor far seems lacking sublimes fundamental feature configurability obvious thing i see line number dont align line,3
com.github.mofosyne.instantreadme,Ryan Odenkirk,app pretty good i rated low advertising implementation infuriating make rest app unusable,1
com.github.mofosyne.instantreadme,Remison Juma,i cant delete html file once i delete save it keep repeating,1
com.github.mofosyne.instantreadme,Komal Kumari,by mistake i selected setting see web browserphotos i unable change choice and i unable coding,2
com.github.mofosyne.instantreadme,ADHIL,super please give option enabledisable text highlight improve application smoothness,3
com.github.mofosyne.instantreadme,Amir Far,after opening folder look file doesnt let refresh folder show new file trying reopen folder didnt make difference i even closed opened app still didnt make difference other apps show new file folder such basic thing,1
com.github.mofosyne.instantreadme,Leo Cedric,horible no keyboard appearcant type creating new fileflashes many ad,1
com.github.mofosyne.instantreadme,Kanhaiya Kumar,unable change choice see webrowser photo ask every time,4
com.github.mofosyne.instantreadme,Mark Joseph Pablio,its scam i already paid disabled advertisement everytime i open app opening file connected internet advertisement,1
com.github.mofosyne.instantreadme,Rohit Marak,this code editor good code sugestion showing code please make app like spck editor one thing like app get live preview chrome browser and also app ad give five star,4
com.github.mofosyne.instantreadme,WaR Yt,good mobile mobile keypad supporting tab button,5
com.github.mofosyne.instantreadme,Tommy Ready,yeah i love pop ad,1
com.github.mofosyne.instantreadme,Devon Bryant,sorry i give one five star apps either good i complaint really obnoxious unnecessary ad like open file play nonskipable 30 sec ad also banner ad top the desktop one offered completely free ad whatsoever even play store licensing doesnt justify many ad cut back ill change five,1
com.github.mofosyne.instantreadme,Sam Zarr,this app mediocre point useless it pretend interactive coloring keywords literally have random quote mismatched parenthesis screwing anything well youll get never know also kinda slow honestly use built text editor whatever,1
com.github.mofosyne.instantreadme,Inderjeet Singh,good app editing file there option opening two file time if open another file first one close please must add function kind app without irritating continue process opening file,2
com.github.mofosyne.instantreadme,Amar Persaud,would great exactly i need extremely slow syntax highlighting second stopping typing add special character like catch syntax highlighting reset keyboard lettersstandard qwerty layout causing mispress lette,3
com.github.mofosyne.instantreadme,Scott James,works great windows great android editor keep returning beginning document making almost impossible create document very frustrating useable,1
com.github.mofosyne.instantreadme,Anderwriter,its text editor programmer editor you cant turn line number youre locked single monospace font please call rest u wont waste time btw typo descriptionthat inspire confidence apps reliability know i mean im saying,3
com.github.mofosyne.instantreadme,Christian Dave Racaza,keeps confirmation upon exit save file multitask app editing code tapping another file asks confirmation upon saving file useful unlike desktop please something like desktop version ill disappointed i give star,2
com.github.mofosyne.instantreadme,Michael Robin,i always favored desktop application i wondering review low i tried i honestly didnt mind whole one open file thing i seriously missed desktop auto completion available i may know make apps please find way integrate please,3
com.github.mofosyne.instantreadme,Joris Pinkse,too many ad,3
com.github.mofosyne.instantreadme,Sandra Ugochukwu,it operates smoothly far would give five star i knew view the view web option doesnt work it keep saying access denied,3
com.github.mofosyne.instantreadme,B M,a decent editor cheif complaint autosave reenables every time app opened wordcharacter count line break orwhatspace display thanks,3
com.github.mofosyne.instantreadme,Abubakar O. Aliyu,its good i never thought android version if go advance way one create external file link index file better thanks,3
com.github.mofosyne.instantreadme,Andy Zarin,not functional cant save file no folder choice auto switching letter typing digit turn et cetera result mv app devnull,1
com.github.mofosyne.instantreadme,Tom Hicks,opens file show content asking permission read file then close i deny clearly didnt need permission already opened file suspicious hell,1
com.github.mofosyne.instantreadme,Xavier birnie-scott,good editor waiting plugins desktop version my experience certainly short i cant find close button app,5
com.github.mofosyne.instantreadme,Yasar Mirza,very bad ad experience,1
com.github.mofosyne.instantreadme,Sanket Chouhan,like desktop version app,2
com.github.mofosyne.instantreadme,ElegantChris Arts,it say longer support versiondelete update yet update button,1
com.github.mofosyne.instantreadme,Homayoun Yousefi'zadeh,ads making app useless,1
com.github.mofosyne.instantreadme,Piyush Mehta,disappointed a large json file 3000 line load completely you hit next arrow move next page this extremely problematic find find replace,3
com.github.mofosyne.instantreadme,TRVE YVTS,sometimes save dont seem commit deleting old line text ads obnoxious free version otherwise decent editor,4
com.github.mofosyne.instantreadme,kaine wright,its great start requires functionality able use developing go if need single file editing great,2
com.github.mofosyne.instantreadme,Julian Bos,good application go keyboard automaticly go back normal keyboard realy annoying i cant find setting turn,4
com.github.mofosyne.instantreadme,Jaime Williams,doesnt syntax coloring scheme say scripted doc save rename okay its skinny application i believe text editor market feature spell check minor core feature expect brand name core tech app oh i guess folk stopped using long time ago core programming tool different application protocol management oh yeah desktop sublime also sftp might need putty get ssh,3
com.github.mofosyne.instantreadme,Danny B,very difficult use every time i would change mode keyboard would reset main mode i would add text i would get j instead,2
com.github.mofosyne.instantreadme,mahan gandhi,very useful tool student,5
com.github.mofosyne.instantreadme,Nneli Ifeanyi,its cool easygoing sound though without autocomplete type every opening closing markup tag urself,4
com.github.mofosyne.instantreadme,Terry Southwood,would save file no ability choose code type strange error message sometimes awkward type anything clearly unfinished,1
com.github.mofosyne.instantreadme,polka23dot,sublime text simple reliable its main flaw syntax color highlighting cannot turned,4
com.github.mofosyne.instantreadme,Noel Blackwell,amazing newbie my kid i teaching oursleves code thing amazing love im 37 kid nine 12 we get perfect age thank creating,5
com.github.mofosyne.instantreadme,Victor Vega,wowthis app expected simple easy access but itll perfect auto complete avoid stress please make work,5
com.github.mofosyne.instantreadme,Taw O,good small size file over one page auto save function bug random duplicating last line,2
com.github.mofosyne.instantreadme,TrisT,trash syntax highlighting worst ad overflow stop working dont give storage access garbage,1
com.github.mofosyne.instantreadme,Thomas D,repeatedly saving change reopening i got orlginal text ui unintuitive,2
com.github.mofosyne.instantreadme,CSBS_19_KATHAKALI NASKAR,i like app it nice syntax highlighting support language thanks providing u app,5
com.github.mofosyne.instantreadme,Vince Cocuzzoli,very good text editor highlighted number red bit hard eye,4
com.github.mofosyne.instantreadme,Connor Wines,i used code year found view easy use love hard code editor used,5
com.github.mofosyne.instantreadme,Dean Black,poorly made highlighting keep changing slow laggy,1
com.github.mofosyne.instantreadme,Raseruuu,i like sublime but think that default button include tab so dont press space four time python is actual setting available though app,4
com.github.mofosyne.instantreadme,Ajay Kumar Sah,i also like sublime text i use desk top i trying use phone i found lot essue i make one page also run working doesnt susetion show colour also good looking please improve desktop,5
com.github.mofosyne.instantreadme,Siddhant Sengar,sorry comment aap feature change become usefull language added i wont say plz increase size lenght writing page thank you,5
com.github.mofosyne.instantreadme,George Otegbeye,its good application developer,5
com.github.mofosyne.instantreadme,David Pinkerton,cant access sd card,1
com.github.mofosyne.instantreadme,Dinesh Dhayarkar,poor mobile phone,1
com.github.mofosyne.instantreadme,Bode Mattews,cool text app,5
com.github.mofosyne.instantreadme,BHVY SOLKI,such brilliant amazing app i dont laptop helped lot need laptop i recommend download app nice,5
com.github.mofosyne.instantreadme,Kevin McCready,didnt work old phone it shouldnt allowed download wasnt going work,1
com.github.mofosyne.instantreadme,Bab Roosss Games,install app didnt even get past first screen without crashing,1
com.github.mofosyne.instantreadme,Ahmad Saqqa,unskippable fifa ad text editor thats instant uninstall,1
com.github.mofosyne.instantreadme,William Goffman,cant work lot ad including fullscreen,1
com.github.mofosyne.instantreadme,charity jahenda,the developer didnt know,3
com.github.mofosyne.instantreadme,,great app but there glitch i forced move red line even im using finding,3
com.github.mofosyne.instantreadme,Thompson Youpele,i really love app thinking get system create html webpage help app strugle working fine,4
com.github.mofosyne.instantreadme,Than Soe,biggest drawback reset change working folder setting,2
com.github.mofosyne.instantreadme,Scott Haddox,got thing change virtual reality cam instruction where instruction showing this dangerous instruction dont send instruction include application with computational equipment hell calculator still come instruction fix please sincerely scott,1
com.github.mofosyne.instantreadme,owl owlie,almost pc version,5
com.github.mofosyne.instantreadme,Nobo dy,highly recomend app like fir part u make see outcome code type please,5
com.github.mofosyne.instantreadme,_Sh4D0W_,op easy use,5
com.github.mofosyne.instantreadme,Gana Emad,exitor good oy bad thing cant run program saved,4
com.github.mofosyne.instantreadme,Desmond Chima,great app i must confess but option open tow file,3
com.github.mofosyne.instantreadme,Josue Segui,doesnt remember name file editing make change file try save,2
com.github.mofosyne.instantreadme,Adebayo Adedayo,nice app easy use function like one computer was suggested friend,5
com.github.mofosyne.instantreadme,Jacky West,the app duplicate text save without able remove duplicated text,2
com.github.mofosyne.instantreadme,hamza El Marjani,a stupid app lost time create big script app crached reopen lose text made nervous,1
com.github.mofosyne.instantreadme,joshua ongom,alas expectation turn sublimes wherever writes code shite browser fails show comefile cant read permission granted,1
com.github.mofosyne.instantreadme,Pro gamer,text editor easy use simple ui,5
com.github.mofosyne.instantreadme,Joe Joe,ad ad ad cant run code terrible code editor,1
com.github.mofosyne.instantreadme,Manoj Yadwad,it showing doctype error not able retrieve saved file,1
com.github.mofosyne.instantreadme,emi E.,please consider including undo redo functionalitiesthanks its great app anyway,4
com.github.mofosyne.instantreadme,Ganesh Chandra,good light weight downloaded used 30 mtswill review seven day,4
com.github.mofosyne.instantreadme,Tanushree Roy,far better text editor app softwareboth good,5
com.github.mofosyne.instantreadme,Rahul Kumar,i give one star app i face parse package error run button code,1
com.github.mofosyne.instantreadme,robert hedblad,first thing i get load commercial random game no thanks,1
com.github.mofosyne.instantreadme,Hasan Ba'abbad,love editor except deal limited number line name popular coding editor developer expect application process thousand line,4
com.github.mofosyne.instantreadme,Martin Diaz,its text editor free just publicized,5
com.github.mofosyne.instantreadme,Chris Rapson,error trying save edit existing file sd card,2
com.github.mofosyne.instantreadme,David Walton,no way open existing txt file sd card,1
com.github.mofosyne.instantreadme,Shaun du Plessis,add plugins something make customisable like sublime,3
com.github.mofosyne.instantreadme,Vikram Dhodhi,nothing like actuall bracket dont even allow save dovice code sucks,1
com.github.mofosyne.instantreadme,Jubin Soni,always bigtime sublime fanthank making available android,5
com.github.mofosyne.instantreadme,Moriom Begum,the apps likely it use easy i love,5
com.github.mofosyne.instantreadme,Carlos Arteaga,too many ad way,1
com.github.mofosyne.instantreadme,Jim Loepker,i didnt get work formula,1
com.github.mofosyne.instantreadme,Yash Malik,add extra line htlm code everytime open app,2
com.github.mofosyne.instantreadme,Ashwin Bharadwaj,search functionality doesnt work properly,1
com.github.mofosyne.instantreadme,Adelekan Abraham,good appand easy usei rate 5stars,4
com.github.mofosyne.instantreadme,John Mensah,the best coding app world everyone must try,5
com.github.mofosyne.instantreadme,Thomas Kuthnik,many ad cant even read code,1
com.github.mofosyne.instantreadme,Mujakkir Bin Fattah,great app its good everything fine i looking,5
com.github.mofosyne.instantreadme,Roselyn Awo,not like sulime text3 functional,4
com.github.mofosyne.instantreadme,Andrii Sivak,sublime text notepad,2
com.github.mofosyne.instantreadme,Dorothy Nalintya,very good coding free time,5
com.github.mofosyne.instantreadme,aisien osasumwen,its okay perfect like computer version,3
com.github.mofosyne.instantreadme,eu,can replace icon original logo and make app name shorter,5
com.github.mofosyne.instantreadme,Ibrahim Bello,okay alright you need app for drastic editing youll get download and stay cool calm heeeeeeehe,5
com.github.mofosyne.instantreadme,Christopher Workman,external sd card support,1
com.github.mofosyne.instantreadme,Nzeako Chijindu,good app make coding android easy,4
com.github.mofosyne.instantreadme,Anna Araslanova,easy use good design,5
com.github.mofosyne.instantreadme,G Acs,cant open file cloud,2
com.github.mofosyne.instantreadme,Gabriel Delight,good app flexible stress free,5
com.github.mofosyne.instantreadme,Taus Hasan,app opening,2
com.github.mofosyne.instantreadme,AL TR,fake official lot bug,1
com.github.mofosyne.instantreadme,Ragini yadav,i thought work like sublime text three poor v code,2
com.github.mofosyne.instantreadme,Simple Green,freezes phone another malware app,1
com.github.mofosyne.instantreadme,mixerboi250,hhard use suggests code one windowsos,3
com.github.mofosyne.instantreadme,Chandan Kumar,worse app dont install waste time data,1
com.github.mofosyne.instantreadme,Carson Morton,ad popped soon i made new note uninstalled,1
com.github.mofosyne.instantreadme,Amirr Am,if auto complete best,2
com.github.mofosyne.instantreadme,Michel Turrian,good application quickly anywhere work,4
com.github.mofosyne.instantreadme,pierre martin,just best editor android,5
com.github.mofosyne.instantreadme,Luca Poulariani,one best editor around,5
com.github.mofosyne.instantreadme,Kevin -,cant open txt file attempt invoke virtual method void ctb null object reference,1
com.github.mofosyne.instantreadme,Rajprakash Vishwakarma,this best ever mobile editor developer,5
com.github.mofosyne.instantreadme,ZHKITZ DOEZ ZTUFF,amazing highly suggest people coding javascript,5
com.github.mofosyne.instantreadme,D.P.S ,very good add emmet pooject,5
com.github.mofosyne.instantreadme,BE_A_37_Kaustubh Saple,needs big fix except great app,4
com.github.mofosyne.instantreadme,Bhabesh Paik,very helpful practice purpose,5
com.github.mofosyne.instantreadme,Ayan Kundu,outstanding text editor forever,5
com.github.mofosyne.instantreadme,Igba Chika,its viewing result code web pasting actual html code,1
com.github.mofosyne.instantreadme,Jaman Shah,good appthe icon changed,5
com.github.mofosyne.instantreadme,James Sandoval,gives full access internet analytics team steal intellectual data also give write access dir,5
com.github.mofosyne.instantreadme,Lgd mr Lgd mr,this app good editing,5
com.github.mofosyne.instantreadme,Mikus Lorencs,very limited compared pc version,2
com.github.mofosyne.instantreadme,Raja Kumar Ray,awesome application thak u much make,5
com.github.mofosyne.instantreadme,John Joel.O,shows parse error wen u try view web,1
com.github.mofosyne.instantreadme,Nitesh Gupta,not working like windos verson auto complte tag,1
com.github.mofosyne.instantreadme,Abur Tina,this app okay really easy use,4
com.github.mofosyne.instantreadme,Neena Gupta,when i typed clicked view web showed file deleted web pls check,1
com.github.mofosyne.instantreadme,Shivansh Gupta,good app i easy able make code mobile,4
com.github.mofosyne.instantreadme,PROFITA,it bad i phone support app,1
com.github.mofosyne.instantreadme,Adarsh Gupta,too good android,5
com.github.mofosyne.instantreadme,Wave Treader Media Productions,simple yet powerful,5
com.github.mofosyne.instantreadme,ABHINAV DHARMESH,best text editor,5
com.github.mofosyne.instantreadme,ARM BACK-1988,it much help work,5
com.github.mofosyne.instantreadme,Yash Kinra,i couldnt find run button,4
com.github.mofosyne.instantreadme,Ko Htet Wai Yan Oo,very useful thank you i love this app,5
com.github.mofosyne.instantreadme,tmitchable,i lived convenience edit coding,5
com.github.mofosyne.instantreadme,Aldrin Nebres,its hard dont understand,5
com.github.mofosyne.instantreadme,Amar Mani,this app ia helpful,5
com.github.mofosyne.instantreadme,WAQAS MAHBOOB,very nice app coding,5
com.github.mofosyne.instantreadme,Argha Devnath,i cant open browser,1
com.github.mofosyne.instantreadme,Adam Yuunus,i love app good easy use,5
com.github.mofosyne.instantreadme,NIWAGABA ASHIM,it work perfectly,5
com.github.mofosyne.instantreadme,Athena Burnea,it stop i try edit code,1
com.github.mofosyne.instantreadme,Edwin Mvaluwa,superbone best editor world,5
com.github.mofosyne.instantreadme,GRIFFINS M,its bad app good job,3
com.github.mofosyne.instantreadme,dinho world,cool simple use,4
com.github.mofosyne.instantreadme,Heartflowers Panaroma,very nice worth,5
com.github.mofosyne.instantreadme,Emilio Tor,avoid help found innandroid version cryptic info,1
com.github.mofosyne.instantreadme,chukwuanugo onuchukwu,sweet easy,5
com.github.mofosyne.instantreadme,arion,cant even select asd card,1
com.github.mofosyne.instantreadme,Alam Gaming,pls improve app its soo disturbing,1
com.github.mofosyne.instantreadme,ESWAR ELANGOVAN,not working guy no comment simply waste,1
com.github.mofosyne.instantreadme,Every Every with Bella,i cant view web i dont know there anything rectify,1
com.github.mofosyne.instantreadme,Michael Moreland,without sublime im even two bit programmer i,5
com.github.mofosyne.instantreadme,Toito Matto,hi everyone look app amazes,5
com.github.mofosyne.instantreadme,Sarthak Sharma,nice app code mobile best choise,5
com.github.mofosyne.instantreadme,Emna kammoun,this application bad helping,1
com.github.mofosyne.instantreadme,Rhonda Cotter,app doesnt work described waste hour precious time management,1
com.github.mofosyne.instantreadme,Sammy Hills,what amazing app web developer,5
com.github.mofosyne.instantreadme,Putto Tyron,it really nice able achieve thing,2
com.github.mofosyne.instantreadme,YUG Malhotra,this i wanted app genius,5
com.github.mofosyne.instantreadme,Shanick Berick,why stylescss external file functional,5
com.github.mofosyne.instantreadme,Jaspal Singh,thats good app i like much,5
com.github.mofosyne.instantreadme,aceph ali,five star i turn word wrap,3
com.github.mofosyne.instantreadme,Crystal Gaming,can use python script mode,4
com.github.mofosyne.instantreadme,madhukar bidave,good supportiv application,5
com.github.mofosyne.instantreadme,Don Larson,cant print useless,1
com.github.mofosyne.instantreadme,Zero Tech,not start browser,1
com.github.mofosyne.instantreadme,OviCorp,better without add,4
com.github.mofosyne.instantreadme,FULL RAJA GAMING,auto text,4
com.github.mofosyne.instantreadme,Humayun Kabir,i get suggestion naba tech world,5
com.github.mofosyne.instantreadme,Gh Kh,nice app learning,5
com.github.mofosyne.instantreadme,Dilip Kumar Bhogta,best devloper text editor,5
com.github.mofosyne.instantreadme,CM6I_72_VaishnaviSawant,why doesnt show result cs code,2
com.github.mofosyne.instantreadme,Abdul Subhan,nice editor need se fixture,4
com.github.mofosyne.instantreadme,FAWAZ ADEYEMI,i couldnt view wat web,1
com.github.mofosyne.instantreadme,sudhansu bhunia,this wonderful app,5
com.github.mofosyne.instantreadme,Trymore Nyandoro,i cant view code web,3
com.github.mofosyne.instantreadme,Donovan Koh,couldnt run pure js program,3
com.github.mofosyne.instantreadme,Md. Abdul Rasheed,its amazing app,4
com.github.mofosyne.instantreadme,Haiza Maryam,i cannot use keyboard,1
com.github.mofosyne.instantreadme,Jolayemi Israel,this perfect much love,5
com.github.mofosyne.instantreadme,Minal Surya,usless app worth download,1
com.github.mofosyne.instantreadme,rAINBOW & tHUNDER,good application,3
com.github.mofosyne.instantreadme,ralph,needs more improvement,3
com.github.mofosyne.instantreadme,Abdullateef Yusuf,very good nice,5
com.github.mofosyne.instantreadme,Isiaka Abdulahi Akinkunmi,very good app app,4
com.github.mofosyne.instantreadme,Amit Barai,sir couldot install app,1
com.github.mofosyne.instantreadme,Technical Gamers,it useful,5
com.github.mofosyne.instantreadme,Mohd Faiz,plz someone tell run file bloody app,2
com.github.mofosyne.instantreadme,Hems worth,thanks watching,5
com.github.mofosyne.instantreadme,Godfrey Namende,how set run python,3
com.github.mofosyne.instantreadme,Aekaterini,i like thank,5
com.github.mofosyne.instantreadme,njanji mallon,worst app ever dont download,1
com.github.mofosyne.instantreadme,Ronke DUPE,i love app,5
com.github.mofosyne.instantreadme,Md Romzan,very helpful app,5
com.github.mofosyne.instantreadme,Susant Dangoriya,this useful,5
com.github.mofosyne.instantreadme,Abdullah Al Maruf,very bad app,1
com.github.mofosyne.instantreadme,Magar Rupesh,very good app,4
com.github.mofosyne.instantreadme,Rahman Zia,very bad app,1
com.github.mofosyne.instantreadme,Aslam Khan,best coding app,5
com.github.mofosyne.instantreadme,Mythandriel Adonai Tolentino,move move clear keep movin ambush contact right jessica watch fire ambush,5
com.github.mofosyne.instantreadme,Gwill Ude,this app destroyed code,1
com.github.mofosyne.instantreadme,Nay Aung Win,nowim created html application,5
com.github.mofosyne.instantreadme,Hacket Samuel,cool useful,5
com.github.mofosyne.instantreadme,Ashish Chauhan,adult ad disliked,1
com.github.mofosyne.instantreadme,Prachi Joshi,option run code,1
com.github.mofosyne.instantreadme,PRAKASH JANGID,how run file,2
com.github.mofosyne.instantreadme,Barca Highlights,its normal gd,1
com.github.mofosyne.instantreadme,abdi abdilahi,how i download app,5
com.github.mofosyne.instantreadme,Hussein Asyari,is bad applicaton,1
com.github.mofosyne.instantreadme,Niel Scott Dades,baka add,1
com.github.mofosyne.instantreadme,Nick Chicken,bloody remarkable,5
com.github.mofosyne.instantreadme,Body Hany,,1
com.github.mofosyne.instantreadme,Naveen Anbu,supeerrrrrrrrrrrrrrrrrrrrrrrrrrrrrrrrrrrrrrrrrrrrrrrrrrrrrrrrrrrr,5
com.github.mofosyne.instantreadme,Ognjen Krejovi,best ever,5
com.github.mofosyne.instantreadme,P2 P2,scam,1
com.github.mofosyne.instantreadme,THARUKA SANMIRA,nice app,5
com.github.mofosyne.instantreadme,The Cimeman,vey bad,1
com.github.mofosyne.instantreadme,Samartha Venkatramana,bad,3
com.github.mofosyne.instantreadme,Sampath Gayan,great,1
com.github.mofosyne.instantreadme,Tharinda Damruwan,fake,1
com.github.mofosyne.instantreadme,Rina Dumaguin,trash,1
com.github.mofosyne.instantreadme,DANIEL UGWU,very good,5
com.github.mofosyne.instantreadme,KhanSimrah786,op,5
com.github.mofosyne.instantreadme,Anonymous,best app,5
com.github.mofosyne.instantreadme,Radha krishnan,excellent,5
com.github.mofosyne.instantreadme,Celumusa Thusi,powerful,5
com.github.mofosyne.instantreadme,artin ahadi,,3
com.github.mofosyne.instantreadme,Juan Pablo Silva Sinning,app crash,1
com.github.mofosyne.instantreadme,Greg Konstadinidis,good thanks,5
com.github.mofosyne.instantreadme,Denis Chege,bad app,2
com.github.mofosyne.instantreadme,Dean Young,,5
com.github.mofosyne.instantreadme,Yohane Khwatcha,good app,5
com.github.mofosyne.instantreadme,Balaakoh Amos,best ever,5
com.github.mofosyne.instantreadme,Samson Elisante,nice app,3
com.github.mofosyne.instantreadme,cool network olami,cool app,3
com.github.mofosyne.instantreadme,Farabi Rahman,interesting apps,5
com.github.mofosyne.instantreadme,Dipto Banik,nice app,4
com.github.mofosyne.instantreadme,cherryblossom little birds,great,5
com.github.mofosyne.instantreadme,Jae Alpha,educative,5
com.github.mofosyne.instantreadme,Mwangi Paul,good,5
com.github.mofosyne.instantreadme,Alamin Ibne Faruk,good,4
com.github.mofosyne.instantreadme,Tomy Appiah,sooooo good,1
com.github.mofosyne.instantreadme,FaZe Hedgehog,,5
com.github.mofosyne.instantreadme,Awais Lodhra,nice app,3
com.github.mofosyne.instantreadme,Abhishek Singh,bc,1
com.github.mofosyne.instantreadme,Rohith drpl,definitely fake,1
com.github.mofosyne.instantreadme,Faithman Konlan,very good,4
com.github.mofosyne.instantreadme,Austine tom,nice app,5
com.github.mofosyne.instantreadme,Blue Eyes,just awesome,5
com.github.mofosyne.instantreadme,Andrew,great editor,5
com.github.mofosyne.instantreadme,David Ywaya,awesome app,5
com.github.mofosyne.instantreadme,Bilal Rao,amazing,5
com.github.mofosyne.instantreadme,turner william,good,5
com.github.mofosyne.instantreadme,Aliyu Umar,nice,5
com.github.mofosyne.instantreadme,Jevon Davis,satisfactory,5
com.github.mofosyne.instantreadme,Chris Umaja,useless,1
com.github.mofosyne.instantreadme,Samer Sultani,good,5
com.github.mofosyne.instantreadme,JoJo Entertainment,good app,5
com.github.mofosyne.instantreadme,Irfan Ullah,superb,5
com.github.mofosyne.instantreadme,jash shah,useless app,1
com.github.mofosyne.instantreadme,Derivan de Souza,muito bom porem ele serve para editar o codigo e da pra textar se funciona sendo assim precisar de outra ferramenta para desenvolver,3
com.github.mofosyne.instantreadme,Alliyah Ruga,hindi sya preffer sa ios sayang,1
com.github.mofosyne.instantreadme,Hamza NTAWINYAGA,waouh maide bcp,1
com.github.mofosyne.instantreadme,Laiba Zahid,not working,1
com.github.mofosyne.instantreadme,Divine Ingabire,soo gd,5
com.github.mofosyne.instantreadme,Gamers Baik,pawn pls,5
com.github.mofosyne.instantreadme,aliza tehreen,ameazing app,5
com.github.mofosyne.instantreadme,Al Mamun siddiki,very sublime,5
com.github.mofosyne.instantreadme,mohammad reza,best,5
com.github.mofosyne.instantreadme,E O,ad,1
com.github.mofosyne.instantreadme,Liton Barman,disappointed,3
com.github.mofosyne.instantreadme,Lucky Wednesday,ok,1
com.github.mofosyne.instantreadme,Itzchika Paul,the good,3
com.github.mofosyne.instantreadme,Kizito Rashid,good app,5
com.github.mofosyne.instantreadme,Dnyanesh Kadu,nice one,5
com.github.mofosyne.instantreadme,YEASIN SARDER,good apps,5
com.github.mofosyne.instantreadme,GFTK,good app,4
com.github.mofosyne.instantreadme,Shivam Shrivastava,awesome app,5
com.github.mofosyne.instantreadme,frank kelly,absolutely productive,5
com.github.mofosyne.instantreadme,Educational videos,good work,5
com.github.mofosyne.instantreadme,Tsering lama,good app,5
com.github.mofosyne.instantreadme,Ebuka Theophilus,so sweet,5
com.github.mofosyne.instantreadme,Esinam Kumado,great app,3
com.github.mofosyne.instantreadme,Manish Dwivedi,nice performance,5
com.github.mofosyne.instantreadme,vijay ray,good experience,5
com.github.mofosyne.instantreadme,sai sankar,wasteeee,1
com.github.mofosyne.instantreadme,Code with Coffee,nyc,5
com.github.mofosyne.instantreadme,Slaim Fahymer,webdisigner,5
com.github.mofosyne.instantreadme,Ghufran Khan,n8ce,5
com.github.mofosyne.instantreadme,Tilak rawat,ok,5
com.github.mofosyne.instantreadme,Orekunrin Ibrahim,letter,1
com.github.mofosyne.instantreadme,Ifechukwu Egwuenu,average,3
com.github.mofosyne.instantreadme,Damodara Prerana,good,4
com.github.mofosyne.instantreadme,Man Man,nice aap,1
com.github.mofosyne.instantreadme,Azizur Rahman,good,5
com.github.mofosyne.instantreadme,Prajapati Sweta,good,5
com.github.mofosyne.instantreadme,Sarfaraz Sayyad,good,5
com.github.mofosyne.instantreadme,Jesson uzochukwu,great,5
com.github.mofosyne.instantreadme,A Google user,cool,5
com.github.mofosyne.instantreadme,Marrow Marrow,good,5
com.github.mofosyne.instantreadme,Ashfat Labib,good,5
com.github.mofosyne.instantreadme,Lokesh Kushwaha,awesome,5
com.github.mofosyne.instantreadme,Shadrack Arthur,extraordinary,5
com.github.mofosyne.instantreadme,Samuel Otieno,awesome,5
com.github.mofosyne.instantreadme,Praneeth Rayavarapu,good,5
com.github.mofosyne.instantreadme,Onwuzirike Prudence,great,5
com.github.mofosyne.instantreadme,Kate Nyarko,good,5
com.github.mofosyne.instantreadme,sojibur Rahman,nice,3
